fold,test_cindex
1,0.941738299904489
2,0.9502784407319014
3,0.9542709232096636
4,0.9715111478117259
5,0.9754060324825986
6,0.9469226425748165
7,0.9537815126050421
8,0.9578725645076356
9,0.9601990049751243
10,0.953610712577714
11,0.9604847207586934
12,0.9612732095490716
13,0.9450186027284002
14,0.9570621468926553
15,0.9700712589073635
